{
  "accuracy": 0.5512304306030273,
  "loss": 1.3526219129562378,
  "val_accuracy": 0.6620689630508423,
  "val_loss": 0.8288357257843018,
  "epoch": 4,
  "global_step": 350
}