{
  "accuracy": 0.4259507954120636,
  "loss": 1.0695363283157349,
  "val_accuracy": 0.3186206817626953,
  "val_loss": 1.388925313949585,
  "epoch": 5,
  "global_step": 420
}