{
  "accuracy": 0.42416107654571533,
  "loss": 1.0763652324676514,
  "val_accuracy": 0.4882758557796478,
  "val_loss": 1.008015513420105,
  "epoch": 7,
  "global_step": 560
}