{
  "accuracy": 0.3594449460506439,
  "loss": 1.148442029953003,
  "val_accuracy": 0.4662069082260132,
  "val_loss": 1.163735032081604,
  "epoch": 0,
  "global_step": 70
}