{
  "accuracy": 0.3818263113498688,
  "loss": 1.1806292533874512,
  "val_accuracy": 0.5710344910621643,
  "val_loss": 1.7930015325546265,
  "epoch": 0,
  "global_step": 70
}