{
  "accuracy": 0.43285587430000305,
  "loss": 1.1657248735427856,
  "val_accuracy": 0.595862090587616,
  "val_loss": 2.6083579063415527,
  "epoch": 0,
  "global_step": 70
}