{
  "accuracy": 0.37287378311157227,
  "loss": 1.0945284366607666,
  "val_accuracy": 0.4772413671016693,
  "val_loss": 1.0236012935638428,
  "epoch": 0,
  "global_step": 70
}