{
  "accuracy": 0.6323595643043518,
  "loss": 0.8306781053543091,
  "val_accuracy": 0.7048950791358948,
  "val_loss": 0.7434607744216919,
  "epoch": 49,
  "global_step": 3500
}