{
  "accuracy": 0.5982102751731873,
  "loss": 0.905606746673584,
  "val_accuracy": 0.6993103623390198,
  "val_loss": 0.7799831032752991,
  "epoch": 10,
  "global_step": 770
}