{
  "accuracy": 0.6442952752113342,
  "loss": 0.8269565105438232,
  "val_accuracy": 0.6813793182373047,
  "val_loss": 0.815162718296051,
  "epoch": 1,
  "global_step": 140
}