{
  "accuracy": 0.3968680202960968,
  "loss": 1.0812954902648926,
  "val_accuracy": 0.4675862193107605,
  "val_loss": 1.260451316833496,
  "epoch": 0,
  "global_step": 70
}