{
  "accuracy": 0.47806623578071594,
  "loss": 1.0047991275787354,
  "val_accuracy": 0.6220689415931702,
  "val_loss": 2.8016629219055176,
  "epoch": 0,
  "global_step": 70
}