{
  "accuracy": 0.6353467702865601,
  "loss": 0.8590808510780334,
  "val_accuracy": 0.6979310512542725,
  "val_loss": 0.7875299453735352,
  "epoch": 48,
  "global_step": 3430
}