{
  "accuracy": 0.41297540068626404,
  "loss": 1.0791687965393066,
  "val_accuracy": 0.43310344219207764,
  "val_loss": 1.0875890254974365,
  "epoch": 2,
  "global_step": 210
}