{
  "accuracy": 0.4478747248649597,
  "loss": 1.0554296970367432,
  "val_accuracy": 0.4689655303955078,
  "val_loss": 1.0546879768371582,
  "epoch": 1,
  "global_step": 140
}