{
  "accuracy": 0.4798567593097687,
  "loss": 1.1691770553588867,
  "val_accuracy": 0.6289654970169067,
  "val_loss": 2.593031644821167,
  "epoch": 0,
  "global_step": 70
}