{
  "accuracy": 0.36705461144447327,
  "loss": 1.1044812202453613,
  "val_accuracy": 0.4399999976158142,
  "val_loss": 1.2008031606674194,
  "epoch": 1,
  "global_step": 140
}