{
  "accuracy": 0.4053691327571869,
  "loss": 1.0987330675125122,
  "val_accuracy": 0.35172414779663086,
  "val_loss": 1.188499927520752,
  "epoch": 0,
  "global_step": 70
}