{
  "accuracy": 0.41252797842025757,
  "loss": 1.0907959938049316,
  "val_accuracy": 0.3737930953502655,
  "val_loss": 1.5497989654541016,
  "epoch": 4,
  "global_step": 350
}