{
  "accuracy": 0.37645480036735535,
  "loss": 1.0849478244781494,
  "val_accuracy": 0.456551730632782,
  "val_loss": 1.1059283018112183,
  "epoch": 1,
  "global_step": 140
}