{
  "accuracy": 0.4019695520401001,
  "loss": 1.084985613822937,
  "val_accuracy": 0.4689655303955078,
  "val_loss": 1.2176955938339233,
  "epoch": 1,
  "global_step": 140
}