{
  "accuracy": 0.5384959578514099,
  "loss": 0.9272288084030151,
  "val_accuracy": 0.6248275637626648,
  "val_loss": 7.510629653930664,
  "epoch": 0,
  "global_step": 70
}