{
  "accuracy": 0.34809842705726624,
  "loss": 3.3262581825256348,
  "val_accuracy": 0.5006896257400513,
  "val_loss": 0.9583897590637207,
  "epoch": 2,
  "global_step": 210
}