{
  "accuracy": 0.3928411602973938,
  "loss": 1.1096769571304321,
  "val_accuracy": 0.46482759714126587,
  "val_loss": 1.2045023441314697,
  "epoch": 0,
  "global_step": 70
}