{
  "accuracy": 0.9173033833503723,
  "loss": 0.21672970056533813,
  "val_accuracy": 0.7608391642570496,
  "val_loss": 0.8306637406349182,
  "epoch": 26,
  "global_step": 1890
}