{
  "accuracy": 0.42818790674209595,
  "loss": 1.0693180561065674,
  "val_accuracy": 0.4841379225254059,
  "val_loss": 1.152944803237915,
  "epoch": 0,
  "global_step": 70
}