{
  "accuracy": 0.34959712624549866,
  "loss": 1.1389658451080322,
  "val_accuracy": 0.4386206865310669,
  "val_loss": 1.1457451581954956,
  "epoch": 0,
  "global_step": 70
}