{
  "accuracy": 0.3749440610408783,
  "loss": 1.0889341831207275,
  "val_accuracy": 0.47999998927116394,
  "val_loss": 1.0385081768035889,
  "epoch": 1,
  "global_step": 140
}