{
  "accuracy": 0.494180828332901,
  "loss": 1.0109474658966064,
  "val_accuracy": 0.630344808101654,
  "val_loss": 3.075984001159668,
  "epoch": 0,
  "global_step": 70
}