{
  "accuracy": 0.417636513710022,
  "loss": 1.2238267660140991,
  "val_accuracy": 0.5986207127571106,
  "val_loss": 2.8604354858398438,
  "epoch": 0,
  "global_step": 70
}