{
  "accuracy": 0.4304250478744507,
  "loss": 1.0662609338760376,
  "val_accuracy": 0.36827585101127625,
  "val_loss": 1.1101462841033936,
  "epoch": 2,
  "global_step": 210
}