{
  "accuracy": 0.3941834568977356,
  "loss": 1.102426290512085,
  "val_accuracy": 0.47310343384742737,
  "val_loss": 1.1431169509887695,
  "epoch": 0,
  "global_step": 70
}