{
  "accuracy": 0.3446732461452484,
  "loss": 1.1018993854522705,
  "val_accuracy": 0.4662069082260132,
  "val_loss": 1.0023469924926758,
  "epoch": 0,
  "global_step": 70
}