{
  "accuracy": 0.3776286244392395,
  "loss": 1.118139386177063,
  "val_accuracy": 0.4786206781864166,
  "val_loss": 1.1767463684082031,
  "epoch": 0,
  "global_step": 70
}