{
  "accuracy": 0.395525723695755,
  "loss": 1.1206843852996826,
  "val_accuracy": 0.5048275589942932,
  "val_loss": 1.0848407745361328,
  "epoch": 21,
  "global_step": 1540
}