{
  "accuracy": 0.3536257743835449,
  "loss": 1.1398258209228516,
  "val_accuracy": 0.4662069082260132,
  "val_loss": 1.2436587810516357,
  "epoch": 0,
  "global_step": 70
}