{
  "accuracy": 0.4829901456832886,
  "loss": 1.0268751382827759,
  "val_accuracy": 0.6206896305084229,
  "val_loss": 2.4870598316192627,
  "epoch": 0,
  "global_step": 70
}