{
  "accuracy": 0.4040268361568451,
  "loss": 1.076041579246521,
  "val_accuracy": 0.4841379225254059,
  "val_loss": 1.050663948059082,
  "epoch": 1,
  "global_step": 140
}