{
  "accuracy": 0.4899328947067261,
  "loss": 2.3931121826171875,
  "val_accuracy": 0.6386206746101379,
  "val_loss": 0.972560465335846,
  "epoch": 6,
  "global_step": 490
}