{
  "accuracy": 0.49194270372390747,
  "loss": 0.990376353263855,
  "val_accuracy": 0.6179310083389282,
  "val_loss": 4.332034111022949,
  "epoch": 0,
  "global_step": 70
}