{
  "accuracy": 0.5140939354896545,
  "loss": 1.0036778450012207,
  "val_accuracy": 0.4662069082260132,
  "val_loss": 1.2110629081726074,
  "epoch": 21,
  "global_step": 1540
}