{
  "accuracy": 0.5302013158798218,
  "loss": 1.166703701019287,
  "val_accuracy": 0.6758620738983154,
  "val_loss": 0.830216109752655,
  "epoch": 3,
  "global_step": 280
}