{
  "accuracy": 0.9577528238296509,
  "loss": 0.10629239678382874,
  "val_accuracy": 0.9692307710647583,
  "val_loss": 0.06983140856027603,
  "epoch": 30,
  "global_step": 2170
}