{
  "accuracy": 0.46263980865478516,
  "loss": 1.0545685291290283,
  "val_accuracy": 0.46206897497177124,
  "val_loss": 1.2060788869857788,
  "epoch": 5,
  "global_step": 420
}