{
  "accuracy": 0.3518352806568146,
  "loss": 1.0966922044754028,
  "val_accuracy": 0.4786206781864166,
  "val_loss": 1.060628890991211,
  "epoch": 0,
  "global_step": 70
}