{
  "accuracy": 0.3809310793876648,
  "loss": 1.0884795188903809,
  "val_accuracy": 0.4220689535140991,
  "val_loss": 1.06248140335083,
  "epoch": 1,
  "global_step": 140
}