{
  "accuracy": 0.42435094714164734,
  "loss": 1.3081296682357788,
  "val_accuracy": 0.5793103575706482,
  "val_loss": 2.4707131385803223,
  "epoch": 0,
  "global_step": 70
}