{
  "accuracy": 0.4608501195907593,
  "loss": 1.0340005159378052,
  "val_accuracy": 0.5186206698417664,
  "val_loss": 1.0379796028137207,
  "epoch": 2,
  "global_step": 210
}