{
  "accuracy": 0.41297540068626404,
  "loss": 1.090232014656067,
  "val_accuracy": 0.3903448283672333,
  "val_loss": 1.1121976375579834,
  "epoch": 0,
  "global_step": 70
}