{
  "accuracy": 0.4469798803329468,
  "loss": 1.0638339519500732,
  "val_accuracy": 0.4372413754463196,
  "val_loss": 1.2021104097366333,
  "epoch": 4,
  "global_step": 350
}