{
  "accuracy": 0.35346755385398865,
  "loss": 1.1072771549224854,
  "val_accuracy": 0.48275861144065857,
  "val_loss": 1.0506724119186401,
  "epoch": 0,
  "global_step": 70
}