{
  "accuracy": 0.48343777656555176,
  "loss": 0.9955341219902039,
  "val_accuracy": 0.6096552014350891,
  "val_loss": 3.752474784851074,
  "epoch": 0,
  "global_step": 70
}