{
  "accuracy": 0.40017905831336975,
  "loss": 1.0893468856811523,
  "val_accuracy": 0.43310344219207764,
  "val_loss": 1.2373051643371582,
  "epoch": 1,
  "global_step": 140
}