{
  "accuracy": 0.441610723733902,
  "loss": 1.0645719766616821,
  "val_accuracy": 0.4841379225254059,
  "val_loss": 1.0310816764831543,
  "epoch": 1,
  "global_step": 140
}