{
  "accuracy": 0.45995524525642395,
  "loss": 1.0397908687591553,
  "val_accuracy": 0.5158620476722717,
  "val_loss": 1.0020859241485596,
  "epoch": 5,
  "global_step": 420
}