{
  "accuracy": 0.46329453587532043,
  "loss": 1.032664179801941,
  "val_accuracy": 0.6082758903503418,
  "val_loss": 0.9081469774246216,
  "epoch": 1,
  "global_step": 140
}