{
  "accuracy": 0.41565996408462524,
  "loss": 1.072739839553833,
  "val_accuracy": 0.3710344731807709,
  "val_loss": 1.301657795906067,
  "epoch": 7,
  "global_step": 560
}