{
  "accuracy": 0.5058191418647766,
  "loss": 0.9692204594612122,
  "val_accuracy": 0.6110345125198364,
  "val_loss": 5.375936508178711,
  "epoch": 0,
  "global_step": 70
}