{
  "accuracy": 0.3803131878376007,
  "loss": 1.0998892784118652,
  "val_accuracy": 0.35172414779663086,
  "val_loss": 2.4458022117614746,
  "epoch": 1,
  "global_step": 140
}