{
  "accuracy": 0.3874720335006714,
  "loss": 1.1084929704666138,
  "val_accuracy": 0.4703448414802551,
  "val_loss": 1.2454763650894165,
  "epoch": 0,
  "global_step": 70
}