{
  "accuracy": 0.4100268483161926,
  "loss": 1.0770729780197144,
  "val_accuracy": 0.48275861144065857,
  "val_loss": 1.0701498985290527,
  "epoch": 1,
  "global_step": 140
}