{
  "accuracy": 0.6062639951705933,
  "loss": 0.9435465931892395,
  "val_accuracy": 0.682758629322052,
  "val_loss": 0.8296841979026794,
  "epoch": 7,
  "global_step": 560
}