{
  "accuracy": 0.3460161089897156,
  "loss": 1.1041269302368164,
  "val_accuracy": 0.4220689535140991,
  "val_loss": 1.0433661937713623,
  "epoch": 1,
  "global_step": 140
}