{
  "accuracy": 0.37807607650756836,
  "loss": 1.0933167934417725,
  "val_accuracy": 0.49103447794914246,
  "val_loss": 1.0429221391677856,
  "epoch": 0,
  "global_step": 70
}