{
  "accuracy": 0.4438478648662567,
  "loss": 1.0541889667510986,
  "val_accuracy": 0.4386206865310669,
  "val_loss": 1.2067807912826538,
  "epoch": 4,
  "global_step": 350
}