{
  "accuracy": 0.47493284940719604,
  "loss": 1.0115693807601929,
  "val_accuracy": 0.6151723861694336,
  "val_loss": 5.805936813354492,
  "epoch": 0,
  "global_step": 70
}