{
  "accuracy": 0.41163310408592224,
  "loss": 1.0861262083053589,
  "val_accuracy": 0.36827585101127625,
  "val_loss": 1.6830106973648071,
  "epoch": 1,
  "global_step": 140
}