{
  "accuracy": 0.38657718896865845,
  "loss": 1.089765191078186,
  "val_accuracy": 0.39586207270622253,
  "val_loss": 1.6592267751693726,
  "epoch": 1,
  "global_step": 140
}