{
  "accuracy": 0.3816554844379425,
  "loss": 1.09297776222229,
  "val_accuracy": 0.4868965446949005,
  "val_loss": 1.0146307945251465,
  "epoch": 2,
  "global_step": 210
}