{
  "accuracy": 0.4035794138908386,
  "loss": 1.0890140533447266,
  "val_accuracy": 0.46482759714126587,
  "val_loss": 1.3097965717315674,
  "epoch": 1,
  "global_step": 140
}