{
  "accuracy": 0.4113697409629822,
  "loss": 1.0857795476913452,
  "val_accuracy": 0.4868965446949005,
  "val_loss": 1.0317902565002441,
  "epoch": 1,
  "global_step": 140
}