{
  "accuracy": 0.9004484415054321,
  "loss": 0.24172067642211914,
  "val_accuracy": 0.9638888835906982,
  "val_loss": 0.10548827052116394,
  "epoch": 14,
  "global_step": 1050
}