{
  "accuracy": 0.46284690499305725,
  "loss": 1.016730785369873,
  "val_accuracy": 0.6262068748474121,
  "val_loss": 2.952791690826416,
  "epoch": 0,
  "global_step": 70
}