{
  "accuracy": 0.38791945576667786,
  "loss": 1.0986275672912598,
  "val_accuracy": 0.37793102860450745,
  "val_loss": 1.159195065498352,
  "epoch": 1,
  "global_step": 140
}