{
  "accuracy": 0.3934646248817444,
  "loss": 1.0884006023406982,
  "val_accuracy": 0.4675862193107605,
  "val_loss": 1.0331287384033203,
  "epoch": 1,
  "global_step": 140
}