{
  "accuracy": 0.4563758373260498,
  "loss": 1.0426080226898193,
  "val_accuracy": 0.4951724112033844,
  "val_loss": 1.0674012899398804,
  "epoch": 2,
  "global_step": 210
}