{
  "accuracy": 0.3803131878376007,
  "loss": 1.0884164571762085,
  "val_accuracy": 0.3655172288417816,
  "val_loss": 1.0175009965896606,
  "epoch": 1,
  "global_step": 140
}