{
  "accuracy": 0.41252797842025757,
  "loss": 1.0909544229507446,
  "val_accuracy": 0.54758620262146,
  "val_loss": 0.9537219405174255,
  "epoch": 19,
  "global_step": 1400
}