{
  "accuracy": 0.6111856698989868,
  "loss": 0.9078589677810669,
  "val_accuracy": 0.7020689845085144,
  "val_loss": 0.7927570343017578,
  "epoch": 25,
  "global_step": 1820
}