{
  "accuracy": 0.4442952871322632,
  "loss": 1.0575639009475708,
  "val_accuracy": 0.48965516686439514,
  "val_loss": 1.0553792715072632,
  "epoch": 0,
  "global_step": 70
}