{
  "accuracy": 0.40447425842285156,
  "loss": 1.0938162803649902,
  "val_accuracy": 0.44551724195480347,
  "val_loss": 1.0635528564453125,
  "epoch": 1,
  "global_step": 140
}