{
  "accuracy": 0.4331096112728119,
  "loss": 1.0654312372207642,
  "val_accuracy": 0.47172415256500244,
  "val_loss": 1.388130784034729,
  "epoch": 1,
  "global_step": 140
}