{
  "accuracy": 0.5089525580406189,
  "loss": 0.9788460731506348,
  "val_accuracy": 0.634482741355896,
  "val_loss": 4.409058570861816,
  "epoch": 0,
  "global_step": 70
}