{
  "accuracy": 0.5843400359153748,
  "loss": 0.9504565000534058,
  "val_accuracy": 0.6786206960678101,
  "val_loss": 0.8079419136047363,
  "epoch": 4,
  "global_step": 350
}