{
  "accuracy": 0.4214765131473541,
  "loss": 1.075435996055603,
  "val_accuracy": 0.4868965446949005,
  "val_loss": 1.0111907720565796,
  "epoch": 1,
  "global_step": 140
}