{
  "accuracy": 0.9141573309898376,
  "loss": 0.2406984567642212,
  "val_accuracy": 0.7818182110786438,
  "val_loss": 1.048641562461853,
  "epoch": 14,
  "global_step": 1050
}