{
  "accuracy": 0.6308724880218506,
  "loss": 0.8542724847793579,
  "val_accuracy": 0.6924138069152832,
  "val_loss": 0.7886636853218079,
  "epoch": 3,
  "global_step": 280
}