{
  "accuracy": 0.4187919497489929,
  "loss": 1.0713330507278442,
  "val_accuracy": 0.46344828605651855,
  "val_loss": 1.2614998817443848,
  "epoch": 2,
  "global_step": 210
}