{
  "accuracy": 0.39910513162612915,
  "loss": 1.0845882892608643,
  "val_accuracy": 0.4041379392147064,
  "val_loss": 1.0920616388320923,
  "epoch": 1,
  "global_step": 140
}