{
  "accuracy": 0.4574753940105438,
  "loss": 1.0328810214996338,
  "val_accuracy": 0.5944827795028687,
  "val_loss": 0.9097054600715637,
  "epoch": 1,
  "global_step": 140
}