{
  "accuracy": 0.44742730259895325,
  "loss": 1.0857428312301636,
  "val_accuracy": 0.45241379737854004,
  "val_loss": 1.3139504194259644,
  "epoch": 8,
  "global_step": 630
}