{
  "accuracy": 0.4194270372390747,
  "loss": 1.1638767719268799,
  "val_accuracy": 0.6082758903503418,
  "val_loss": 3.171957492828369,
  "epoch": 0,
  "global_step": 70
}