{
  "accuracy": 0.33437779545783997,
  "loss": 1.1434412002563477,
  "val_accuracy": 0.4675862193107605,
  "val_loss": 1.0531842708587646,
  "epoch": 0,
  "global_step": 70
}