{
  "accuracy": 0.3431767225265503,
  "loss": 1.1083338260650635,
  "val_accuracy": 0.4703448414802551,
  "val_loss": 1.1137038469314575,
  "epoch": 1,
  "global_step": 140
}