{
  "accuracy": 0.4425055980682373,
  "loss": 1.0499991178512573,
  "val_accuracy": 0.5227586030960083,
  "val_loss": 1.0210306644439697,
  "epoch": 1,
  "global_step": 140
}