{
  "accuracy": 0.3746642768383026,
  "loss": 1.0932072401046753,
  "val_accuracy": 0.317241370677948,
  "val_loss": 1.126476764678955,
  "epoch": 1,
  "global_step": 140
}