{
  "accuracy": 0.3236347436904907,
  "loss": 1.1202502250671387,
  "val_accuracy": 0.4703448414802551,
  "val_loss": 1.0607670545578003,
  "epoch": 0,
  "global_step": 70
}