{
  "accuracy": 0.4794091284275055,
  "loss": 1.0033310651779175,
  "val_accuracy": 0.6206896305084229,
  "val_loss": 3.27234148979187,
  "epoch": 0,
  "global_step": 70
}