{
  "accuracy": 0.37914055585861206,
  "loss": 1.0943570137023926,
  "val_accuracy": 0.5737931132316589,
  "val_loss": 1.0568221807479858,
  "epoch": 1,
  "global_step": 140
}