{
  "accuracy": 0.4789614975452423,
  "loss": 1.0226958990097046,
  "val_accuracy": 0.612413763999939,
  "val_loss": 0.8927136659622192,
  "epoch": 1,
  "global_step": 140
}