{
  "accuracy": 0.3914988934993744,
  "loss": 1.1027379035949707,
  "val_accuracy": 0.37931033968925476,
  "val_loss": 1.2655470371246338,
  "epoch": 0,
  "global_step": 70
}