{
  "accuracy": 0.4225604236125946,
  "loss": 1.130661964416504,
  "val_accuracy": 0.6151723861694336,
  "val_loss": 2.458804130554199,
  "epoch": 0,
  "global_step": 70
}