{
  "accuracy": 0.46016114950180054,
  "loss": 1.0275973081588745,
  "val_accuracy": 0.5282758474349976,
  "val_loss": 0.9328787326812744,
  "epoch": 1,
  "global_step": 140
}