{
  "accuracy": 0.354362428188324,
  "loss": 1.1007541418075562,
  "val_accuracy": 0.44551724195480347,
  "val_loss": 1.1027395725250244,
  "epoch": 0,
  "global_step": 70
}