{
  "accuracy": 0.32811102271080017,
  "loss": 1.1103595495224,
  "val_accuracy": 0.4703448414802551,
  "val_loss": 1.088315486907959,
  "epoch": 0,
  "global_step": 70
}