{
  "accuracy": 0.3901565968990326,
  "loss": 1.094662070274353,
  "val_accuracy": 0.5268965363502502,
  "val_loss": 1.0036507844924927,
  "epoch": 31,
  "global_step": 2240
}