{
  "accuracy": 0.6604026556015015,
  "loss": 0.7696288228034973,
  "val_accuracy": 0.7034482955932617,
  "val_loss": 0.7590116262435913,
  "epoch": 36,
  "global_step": 2590
}