{
  "accuracy": 0.4046553373336792,
  "loss": 1.7305883169174194,
  "val_accuracy": 0.6220689415931702,
  "val_loss": 2.0393080711364746,
  "epoch": 0,
  "global_step": 70
}