{
  "accuracy": 0.4290827810764313,
  "loss": 1.0617036819458008,
  "val_accuracy": 0.3724137842655182,
  "val_loss": 1.0875000953674316,
  "epoch": 1,
  "global_step": 140
}