{
  "accuracy": 0.3914988934993744,
  "loss": 1.0795631408691406,
  "val_accuracy": 0.4662069082260132,
  "val_loss": 1.051943302154541,
  "epoch": 1,
  "global_step": 140
}