{
  "accuracy": 0.4829901456832886,
  "loss": 1.0095388889312744,
  "val_accuracy": 0.6000000238418579,
  "val_loss": 0.8891324400901794,
  "epoch": 1,
  "global_step": 140
}