{
  "accuracy": 0.3719785213470459,
  "loss": 1.1299301385879517,
  "val_accuracy": 0.47999998927116394,
  "val_loss": 1.303903341293335,
  "epoch": 0,
  "global_step": 70
}