{
  "accuracy": 0.39776286482810974,
  "loss": 1.0796507596969604,
  "val_accuracy": 0.4317241311073303,
  "val_loss": 1.4058641195297241,
  "epoch": 1,
  "global_step": 140
}