{
  "accuracy": 0.37941834330558777,
  "loss": 1.0948715209960938,
  "val_accuracy": 0.4041379392147064,
  "val_loss": 1.1087251901626587,
  "epoch": 0,
  "global_step": 70
}