{
  "accuracy": 0.45548099279403687,
  "loss": 1.0456143617630005,
  "val_accuracy": 0.4703448414802551,
  "val_loss": 1.081078052520752,
  "epoch": 1,
  "global_step": 140
}