{
  "accuracy": 0.4134228229522705,
  "loss": 1.0804654359817505,
  "val_accuracy": 0.4868965446949005,
  "val_loss": 1.1484510898590088,
  "epoch": 1,
  "global_step": 140
}