{
  "accuracy": 0.38344520330429077,
  "loss": 1.0929077863693237,
  "val_accuracy": 0.43448275327682495,
  "val_loss": 1.0737030506134033,
  "epoch": 3,
  "global_step": 280
}