{
  "accuracy": 0.3333333432674408,
  "loss": 1.1087092161178589,
  "val_accuracy": 0.4703448414802551,
  "val_loss": 1.0421018600463867,
  "epoch": 1,
  "global_step": 140
}