{
  "accuracy": 0.4610564112663269,
  "loss": 1.0239427089691162,
  "val_accuracy": 0.6179310083389282,
  "val_loss": 3.0469789505004883,
  "epoch": 0,
  "global_step": 70
}