{
  "accuracy": 0.49709171056747437,
  "loss": 1.0048729181289673,
  "val_accuracy": 0.45517241954803467,
  "val_loss": 1.098818063735962,
  "epoch": 11,
  "global_step": 840
}