{
  "accuracy": 0.44340044260025024,
  "loss": 1.0601454973220825,
  "val_accuracy": 0.4289655089378357,
  "val_loss": 1.1139023303985596,
  "epoch": 1,
  "global_step": 140
}