{
  "accuracy": 0.33288589119911194,
  "loss": 1.9954042434692383,
  "val_accuracy": 0.3199999928474426,
  "val_loss": 1.356196403503418,
  "epoch": 95,
  "global_step": 6720
}