{
  "accuracy": 0.42684563994407654,
  "loss": 1.0735784769058228,
  "val_accuracy": 0.4772413671016693,
  "val_loss": 1.333595633506775,
  "epoch": 0,
  "global_step": 70
}