{
  "accuracy": 0.5123042464256287,
  "loss": 0.9956145286560059,
  "val_accuracy": 0.46206897497177124,
  "val_loss": 1.1534041166305542,
  "epoch": 5,
  "global_step": 420
}