{
  "accuracy": 0.37287378311157227,
  "loss": 1.094473123550415,
  "val_accuracy": 0.4496551752090454,
  "val_loss": 1.096534013748169,
  "epoch": 1,
  "global_step": 140
}