{
  "accuracy": 0.46016114950180054,
  "loss": 1.0441319942474365,
  "val_accuracy": 0.5848276019096375,
  "val_loss": 0.9593885540962219,
  "epoch": 1,
  "global_step": 140
}