{
  "accuracy": 0.32632049918174744,
  "loss": 1.111837387084961,
  "val_accuracy": 0.40827587246894836,
  "val_loss": 1.0833368301391602,
  "epoch": 0,
  "global_step": 70
}