{
  "accuracy": 0.386129766702652,
  "loss": 1.0929298400878906,
  "val_accuracy": 0.3917241394519806,
  "val_loss": 1.148964285850525,
  "epoch": 0,
  "global_step": 70
}