{
  "accuracy": 0.6295301914215088,
  "loss": 0.9139541387557983,
  "val_accuracy": 0.6744827628135681,
  "val_loss": 0.8441988825798035,
  "epoch": 2,
  "global_step": 210
}