{
  "accuracy": 0.3491494953632355,
  "loss": 1.1283700466156006,
  "val_accuracy": 0.4372413754463196,
  "val_loss": 1.112550973892212,
  "epoch": 0,
  "global_step": 70
}