{
  "accuracy": 0.6295301914215088,
  "loss": 0.8517001271247864,
  "val_accuracy": 0.6882758736610413,
  "val_loss": 0.7817949652671814,
  "epoch": 4,
  "global_step": 350
}