{
  "accuracy": 0.39973142743110657,
  "loss": 1.0908279418945312,
  "val_accuracy": 0.4137931168079376,
  "val_loss": 1.1589782238006592,
  "epoch": 1,
  "global_step": 140
}