{
  "accuracy": 0.40447425842285156,
  "loss": 1.1043751239776611,
  "val_accuracy": 0.4703448414802551,
  "val_loss": 1.100731611251831,
  "epoch": 0,
  "global_step": 70
}