{
  "accuracy": 0.3683975040912628,
  "loss": 1.0918772220611572,
  "val_accuracy": 0.4772413671016693,
  "val_loss": 1.0555399656295776,
  "epoch": 1,
  "global_step": 140
}