{
  "accuracy": 0.5447627305984497,
  "loss": 0.9398710131645203,
  "val_accuracy": 0.6179310083389282,
  "val_loss": 7.754098892211914,
  "epoch": 0,
  "global_step": 70
}