{
  "accuracy": 0.4993288516998291,
  "loss": 1.6089057922363281,
  "val_accuracy": 0.5779310464859009,
  "val_loss": 0.9133415222167969,
  "epoch": 4,
  "global_step": 350
}