{
  "accuracy": 0.41431766748428345,
  "loss": 1.0846823453903198,
  "val_accuracy": 0.4206896424293518,
  "val_loss": 1.211441993713379,
  "epoch": 0,
  "global_step": 70
}