{
  "accuracy": 0.3428827226161957,
  "loss": 1.103222370147705,
  "val_accuracy": 0.40827587246894836,
  "val_loss": 1.0602730512619019,
  "epoch": 1,
  "global_step": 140
}