{
  "accuracy": 0.41297540068626404,
  "loss": 1.0812040567398071,
  "val_accuracy": 0.4593103528022766,
  "val_loss": 1.0798269510269165,
  "epoch": 1,
  "global_step": 140
}