{
  "accuracy": 0.4067113995552063,
  "loss": 1.1795629262924194,
  "val_accuracy": 0.4510344862937927,
  "val_loss": 1.2459156513214111,
  "epoch": 18,
  "global_step": 1330
}