{
  "accuracy": 0.3722594976425171,
  "loss": 1.184852123260498,
  "val_accuracy": 0.47310343384742737,
  "val_loss": 1.0079081058502197,
  "epoch": 9,
  "global_step": 700
}