{
  "accuracy": 0.9577528238296509,
  "loss": 0.17293484508991241,
  "val_accuracy": 0.9790209531784058,
  "val_loss": 0.10932566970586777,
  "epoch": 48,
  "global_step": 3430
}