{
  "accuracy": 0.36733779311180115,
  "loss": 1.0895867347717285,
  "val_accuracy": 0.48275861144065857,
  "val_loss": 1.0482643842697144,
  "epoch": 1,
  "global_step": 140
}