{
  "accuracy": 0.3485458493232727,
  "loss": 1.1081644296646118,
  "val_accuracy": 0.3572413921356201,
  "val_loss": 1.068497657775879,
  "epoch": 1,
  "global_step": 140
}