{
  "accuracy": 0.39105144143104553,
  "loss": 1.087731957435608,
  "val_accuracy": 0.343448281288147,
  "val_loss": 1.173058032989502,
  "epoch": 0,
  "global_step": 70
}