{
  "accuracy": 0.3525727093219757,
  "loss": 1.1163854598999023,
  "val_accuracy": 0.41517242789268494,
  "val_loss": 1.0886765718460083,
  "epoch": 0,
  "global_step": 70
}