{
  "accuracy": 0.3847874701023102,
  "loss": 1.0858145952224731,
  "val_accuracy": 0.4703448414802551,
  "val_loss": 1.093630313873291,
  "epoch": 1,
  "global_step": 140
}