{
  "accuracy": 0.43355703353881836,
  "loss": 1.0757477283477783,
  "val_accuracy": 0.4868965446949005,
  "val_loss": 1.1102474927902222,
  "epoch": 0,
  "global_step": 70
}