{
  "accuracy": 0.3860986530780792,
  "loss": 1.0904780626296997,
  "val_accuracy": 0.4486111104488373,
  "val_loss": 1.0694071054458618,
  "epoch": 1,
  "global_step": 140
}