{
  "accuracy": 0.9546067118644714,
  "loss": 0.11931997537612915,
  "val_accuracy": 0.9832167625427246,
  "val_loss": 0.058282557874917984,
  "epoch": 23,
  "global_step": 1680
}