{
  "accuracy": 0.44225603342056274,
  "loss": 1.0370179414749146,
  "val_accuracy": 0.6179310083389282,
  "val_loss": 3.3854758739471436,
  "epoch": 0,
  "global_step": 70
}