{
  "accuracy": 0.41252797842025757,
  "loss": 1.0748025178909302,
  "val_accuracy": 0.4868965446949005,
  "val_loss": 1.0480823516845703,
  "epoch": 1,
  "global_step": 140
}