{
  "accuracy": 0.5006711483001709,
  "loss": 1.0068750381469727,
  "val_accuracy": 0.45241379737854004,
  "val_loss": 1.23296058177948,
  "epoch": 24,
  "global_step": 1750
}