{
  "accuracy": 0.3867502212524414,
  "loss": 1.0885323286056519,
  "val_accuracy": 0.4662069082260132,
  "val_loss": 1.1029008626937866,
  "epoch": 1,
  "global_step": 140
}