{
  "accuracy": 0.47651007771492004,
  "loss": 2.4322478771209717,
  "val_accuracy": 0.6082758903503418,
  "val_loss": 0.8886245489120483,
  "epoch": 4,
  "global_step": 350
}