{
  "accuracy": 0.4811996519565582,
  "loss": 1.0118556022644043,
  "val_accuracy": 0.5986207127571106,
  "val_loss": 2.3454604148864746,
  "epoch": 0,
  "global_step": 70
}