{
  "accuracy": 0.40850111842155457,
  "loss": 1.084511160850525,
  "val_accuracy": 0.4937931001186371,
  "val_loss": 0.9801378846168518,
  "epoch": 4,
  "global_step": 350
}