{
  "accuracy": 0.3928411602973938,
  "loss": 1.1370182037353516,
  "val_accuracy": 0.44413793087005615,
  "val_loss": 1.1331467628479004,
  "epoch": 0,
  "global_step": 70
}