{
  "accuracy": 0.37986576557159424,
  "loss": 1.1006466150283813,
  "val_accuracy": 0.4868965446949005,
  "val_loss": 1.0188472270965576,
  "epoch": 0,
  "global_step": 70
}