{
  "accuracy": 0.4561325013637543,
  "loss": 1.0325403213500977,
  "val_accuracy": 0.5448275804519653,
  "val_loss": 0.9387852549552917,
  "epoch": 1,
  "global_step": 140
}