{
  "accuracy": 0.5991051197052002,
  "loss": 0.9232159852981567,
  "val_accuracy": 0.6924138069152832,
  "val_loss": 0.7977003455162048,
  "epoch": 11,
  "global_step": 840
}