{
  "accuracy": 0.3798206150531769,
  "loss": 1.0925440788269043,
  "val_accuracy": 0.44999998807907104,
  "val_loss": 1.0699431896209717,
  "epoch": 0,
  "global_step": 70
}