{
  "accuracy": 0.3540734052658081,
  "loss": 1.1007667779922485,
  "val_accuracy": 0.5737931132316589,
  "val_loss": 1.0558298826217651,
  "epoch": 1,
  "global_step": 140
}