{
  "accuracy": 0.48075202107429504,
  "loss": 1.006990909576416,
  "val_accuracy": 0.6082758903503418,
  "val_loss": 0.8817126750946045,
  "epoch": 1,
  "global_step": 140
}