{
  "accuracy": 0.49820947647094727,
  "loss": 1.00173020362854,
  "val_accuracy": 0.6262068748474121,
  "val_loss": 4.214391708374023,
  "epoch": 0,
  "global_step": 70
}