{
  "accuracy": 0.3699551522731781,
  "loss": 1.094208002090454,
  "val_accuracy": 0.44583332538604736,
  "val_loss": 1.0717378854751587,
  "epoch": 12,
  "global_step": 910
}