{
  "accuracy": 0.35810205340385437,
  "loss": 1.1046830415725708,
  "val_accuracy": 0.4096551835536957,
  "val_loss": 1.0739691257476807,
  "epoch": 0,
  "global_step": 70
}