{
  "accuracy": 0.4136078655719757,
  "loss": 1.5989580154418945,
  "val_accuracy": 0.4579310417175293,
  "val_loss": 1.3551838397979736,
  "epoch": 0,
  "global_step": 70
}