{
  "accuracy": 0.3829977512359619,
  "loss": 1.1048299074172974,
  "val_accuracy": 0.3751724064350128,
  "val_loss": 1.1025128364562988,
  "epoch": 0,
  "global_step": 70
}