{
  "accuracy": 0.39122650027275085,
  "loss": 1.0842797756195068,
  "val_accuracy": 0.4496551752090454,
  "val_loss": 1.1046537160873413,
  "epoch": 1,
  "global_step": 140
}