{
  "accuracy": 0.3011185824871063,
  "loss": 1.1142688989639282,
  "val_accuracy": 0.47999998927116394,
  "val_loss": 1.0717970132827759,
  "epoch": 0,
  "global_step": 70
}