{
  "accuracy": 0.4040268361568451,
  "loss": 1.0759998559951782,
  "val_accuracy": 0.456551730632782,
  "val_loss": 1.4370214939117432,
  "epoch": 1,
  "global_step": 140
}