{
  "accuracy": 0.3692927360534668,
  "loss": 1.0946239233016968,
  "val_accuracy": 0.4662069082260132,
  "val_loss": 1.0541552305221558,
  "epoch": 0,
  "global_step": 70
}