{
  "accuracy": 0.41834452748298645,
  "loss": 1.0766133069992065,
  "val_accuracy": 0.4855172336101532,
  "val_loss": 1.129243016242981,
  "epoch": 0,
  "global_step": 70
}