{
  "accuracy": 0.39239373803138733,
  "loss": 1.0999252796173096,
  "val_accuracy": 0.36000001430511475,
  "val_loss": 1.3058117628097534,
  "epoch": 0,
  "global_step": 70
}