{
  "accuracy": 0.3557046949863434,
  "loss": 1.0895309448242188,
  "val_accuracy": 0.33931034803390503,
  "val_loss": 1.0956575870513916,
  "epoch": 1,
  "global_step": 140
}