{
  "accuracy": 0.3903312385082245,
  "loss": 1.1125308275222778,
  "val_accuracy": 0.49103447794914246,
  "val_loss": 1.048103928565979,
  "epoch": 0,
  "global_step": 70
}