{
  "accuracy": 0.3941834568977356,
  "loss": 1.1075738668441772,
  "val_accuracy": 0.5296551585197449,
  "val_loss": 0.937518835067749,
  "epoch": 24,
  "global_step": 1750
}