{
  "accuracy": 0.5089525580406189,
  "loss": 0.9947487711906433,
  "val_accuracy": 0.634482741355896,
  "val_loss": 4.072961807250977,
  "epoch": 0,
  "global_step": 70
}