{
  "accuracy": 0.42371365427970886,
  "loss": 1.0819091796875,
  "val_accuracy": 0.31448274850845337,
  "val_loss": 1.3464019298553467,
  "epoch": 1,
  "global_step": 140
}