{
  "accuracy": 0.4304250478744507,
  "loss": 1.0644608736038208,
  "val_accuracy": 0.411034494638443,
  "val_loss": 1.4456546306610107,
  "epoch": 2,
  "global_step": 210
}