{
  "accuracy": 0.37807607650756836,
  "loss": 1.1188689470291138,
  "val_accuracy": 0.4179310202598572,
  "val_loss": 1.7338896989822388,
  "epoch": 11,
  "global_step": 840
}