{
  "accuracy": 0.44071587920188904,
  "loss": 1.0573551654815674,
  "val_accuracy": 0.46206897497177124,
  "val_loss": 1.0660991668701172,
  "epoch": 46,
  "global_step": 3290
}