{
  "accuracy": 0.4377797544002533,
  "loss": 1.2047547101974487,
  "val_accuracy": 0.6179310083389282,
  "val_loss": 3.147251844406128,
  "epoch": 0,
  "global_step": 70
}