{
  "accuracy": 0.4429530203342438,
  "loss": 1.051411747932434,
  "val_accuracy": 0.5131034255027771,
  "val_loss": 1.0097829103469849,
  "epoch": 13,
  "global_step": 980
}