{
  "accuracy": 0.37600716948509216,
  "loss": 1.6079555749893188,
  "val_accuracy": 0.6068965792655945,
  "val_loss": 1.8812958002090454,
  "epoch": 0,
  "global_step": 70
}