{
  "accuracy": 0.3634735941886902,
  "loss": 1.1069661378860474,
  "val_accuracy": 0.34896552562713623,
  "val_loss": 1.0807106494903564,
  "epoch": 0,
  "global_step": 70
}