{
  "accuracy": 0.40894854068756104,
  "loss": 1.0819162130355835,
  "val_accuracy": 0.4675862193107605,
  "val_loss": 1.0655916929244995,
  "epoch": 1,
  "global_step": 140
}