{
  "accuracy": 0.3816554844379425,
  "loss": 1.102554440498352,
  "val_accuracy": 0.3751724064350128,
  "val_loss": 1.0957072973251343,
  "epoch": 0,
  "global_step": 70
}