{
  "accuracy": 0.5270693302154541,
  "loss": 0.9822129011154175,
  "val_accuracy": 0.4468965530395508,
  "val_loss": 1.1293660402297974,
  "epoch": 17,
  "global_step": 1260
}