{
  "accuracy": 0.46642792224884033,
  "loss": 1.0204041004180908,
  "val_accuracy": 0.6206896305084229,
  "val_loss": 4.393187522888184,
  "epoch": 0,
  "global_step": 70
}