{
  "accuracy": 0.3777976632118225,
  "loss": 1.091292142868042,
  "val_accuracy": 0.3820689618587494,
  "val_loss": 1.0662001371383667,
  "epoch": 1,
  "global_step": 140
}