{
  "accuracy": 0.9672645926475525,
  "loss": 0.18873867392539978,
  "val_accuracy": 0.9597222208976746,
  "val_loss": 0.13524892926216125,
  "epoch": 49,
  "global_step": 3500
}