{
  "accuracy": 0.3428827226161957,
  "loss": 1.0992915630340576,
  "val_accuracy": 0.47310343384742737,
  "val_loss": 1.0459506511688232,
  "epoch": 0,
  "global_step": 70
}