{
  "accuracy": 0.4076062738895416,
  "loss": 1.0759483575820923,
  "val_accuracy": 0.42620688676834106,
  "val_loss": 1.0962278842926025,
  "epoch": 1,
  "global_step": 140
}