{
  "accuracy": 0.4261414408683777,
  "loss": 1.3188294172286987,
  "val_accuracy": 0.5944827795028687,
  "val_loss": 2.9726221561431885,
  "epoch": 0,
  "global_step": 70
}