{
  "accuracy": 0.39194631576538086,
  "loss": 1.0904555320739746,
  "val_accuracy": 0.40551725029945374,
  "val_loss": 1.140080451965332,
  "epoch": 0,
  "global_step": 70
}