{
  "accuracy": 0.42953020334243774,
  "loss": 1.0680655241012573,
  "val_accuracy": 0.4137931168079376,
  "val_loss": 1.0967645645141602,
  "epoch": 1,
  "global_step": 140
}