{
  "accuracy": 0.38120806217193604,
  "loss": 1.0949335098266602,
  "val_accuracy": 0.4013793170452118,
  "val_loss": 1.0839072465896606,
  "epoch": 0,
  "global_step": 70
}