{
  "accuracy": 0.43803131580352783,
  "loss": 1.0812876224517822,
  "val_accuracy": 0.4868965446949005,
  "val_loss": 1.1194320917129517,
  "epoch": 0,
  "global_step": 70
}