{
  "accuracy": 0.4147650897502899,
  "loss": 1.0811771154403687,
  "val_accuracy": 0.49103447794914246,
  "val_loss": 1.018434762954712,
  "epoch": 0,
  "global_step": 70
}