{
  "accuracy": 0.9336323142051697,
  "loss": 0.157444566488266,
  "val_accuracy": 0.9680555462837219,
  "val_loss": 0.07509685307741165,
  "epoch": 23,
  "global_step": 1680
}