{
  "accuracy": 0.34691137075424194,
  "loss": 1.1070183515548706,
  "val_accuracy": 0.4772413671016693,
  "val_loss": 1.0687789916992188,
  "epoch": 1,
  "global_step": 140
}