{
  "accuracy": 0.44026845693588257,
  "loss": 1.0609816312789917,
  "val_accuracy": 0.4841379225254059,
  "val_loss": 1.0597329139709473,
  "epoch": 6,
  "global_step": 490
}